2023-11-29 22:11:19,middle,X,O,Player X
2023-11-29 22:12:42,corner,X,O,Player X
2023-11-29 22:15:46,middle,X,O,Draw
2023-11-29 22:20:25,center,X,O,Player X
2023-11-29 22:21:50,corner,X,O,Player X
2023-11-29 22:22:07,middle,X,O,Player X
2023-11-29 22:22:20,corner,X,O,Player X
2023-11-29 22:22:36,middle,X,O,Player X
2023-11-29 22:22:53,center,X,O,Player X
2023-11-29 22:23:18,middle,X,O,Player X
2023-11-29 22:24:07,center,X,O,Player X
2023-11-29 22:24:39,corner,X,O,Draw
2023-11-29 22:25:25,center,X,O,Player O
2023-11-29 22:26:06,center,X,O,Draw
2023-11-29 22:26:32,corner,X,O,Player X
2023-11-29 22:26:51,center,X,O,Player O
2023-11-29 22:27:13,middle,X,O,Player O
2023-11-29 22:27:38,corner,X,O,Player X
2023-11-29 22:28:25,middle,X,O,Draw
2023-11-29 22:28:43,corner,X,O,Player X
2023-11-29 22:29:13,corner,X,O,Player X
2023-11-29 22:29:51,corner,X,O,Player X
2023-11-29 22:30:18,corner,X,O,Player X
2023-11-29 22:30:36,corner,X,O,Player X
2023-11-29 22:31:16,center,X,O,Player O
2023-11-29 22:31:41,corner,X,O,Player X
2023-11-29 22:31:59,corner,X,O,Player O
2023-11-29 22:32:21,center,X,O,Player X
2023-11-29 22:33:04,corner,X,O,Player O
2023-11-29 22:33:33,middle,X,O,Player X
2023-11-29 22:33:54,corner,X,O,Player O
2023-11-29 22:34:13,corner,X,O,Player X
2023-11-29 22:34:47,corner,X,O,Player X
